positionname,j2s7s300_joint_1,j2s7s300_joint_2,j2s7s300_joint_3,j2s7s300_joint_4,j2s7s300_joint_5,j2s7s300_joint_6,j2s7s300_joint_7
start,4.9838678934818414,3.6275934535505714,6.195989152032648,1.4328705481494202,1.7404005397649198,3.244547265538948,1.4286214746301988
second,4.939716411033853,3.62899773839337,5.8677343076560975,1.4360185377159485,1.7403832292178345,2.9726454424606925,1.4285868535360278
